symbol,role,existing,freshness_passes,qualifies,fresh_pct_w1,fresh_pct_w2,fresh_pct_w3,executable_pct_w1,executable_pct_w2,executable_pct_w3,max_quote_age_s,max_provider_update_gap_s,closed_5min_bars,recent20_capacity_at_least_10usd,failure_reasons
AAVE/USD,directional crypto,False,False,False,100.000,66.667,96.667,66.667,30.000,40.000,97.359,98.802,571,0,window_1:combined_executable_fraction_below_80pct;window_2:fresh_fraction_below_95pct;window_2:observed_quote_age_above_45s;window_2:provider_update_gap_above_45s;window_2:consecutive_sampled_staleness_above_20s;window_2:combined_executable_fraction_below_80pct;window_3:combined_executable_fraction_below_80pct;closed_bar_history_or_participation_failed
ADA/USD,directional crypto,False,True,False,100.000,100.000,100.000,0.000,0.000,0.000,27.552,33.292,559,0,window_1:combined_executable_fraction_below_80pct;window_2:combined_executable_fraction_below_80pct;window_3:combined_executable_fraction_below_80pct;closed_bar_history_or_participation_failed
ARB/USD,directional crypto,False,False,False,100.000,96.667,100.000,0.000,0.000,0.000,51.545,60.006,573,0,window_1:combined_executable_fraction_below_80pct;window_2:observed_quote_age_above_45s;window_2:provider_update_gap_above_45s;window_2:combined_executable_fraction_below_80pct;window_3:combined_executable_fraction_below_80pct;closed_bar_history_or_participation_failed
AVAX/USD,directional crypto,False,False,False,76.667,90.000,93.333,0.000,0.000,0.000,75.953,81.008,560,0,window_1:fresh_fraction_below_95pct;window_1:observed_quote_age_above_45s;window_1:provider_update_gap_above_45s;window_1:consecutive_sampled_staleness_above_20s;window_1:combined_executable_fraction_below_80pct;window_2:fresh_fraction_below_95pct;window_2:observed_quote_age_above_45s;window_2:provider_update_gap_above_45s;window_2:combined_executable_fraction_below_80pct;window_3:fresh_fraction_below_95pct;window_3:provider_update_gap_above_45s;window_3:combined_executable_fraction_below_80pct;closed_bar_history_or_participation_failed
BAT/USD,directional crypto,False,False,False,33.333,20.000,66.667,0.000,0.000,0.000,292.069,300.580,564,0,window_1:fresh_fraction_below_95pct;window_1:observed_quote_age_above_45s;window_1:provider_update_gap_above_45s;window_1:consecutive_sampled_staleness_above_20s;window_1:combined_executable_fraction_below_80pct;window_2:fresh_fraction_below_95pct;window_2:observed_quote_age_above_45s;window_2:provider_update_gap_above_45s;window_2:consecutive_sampled_staleness_above_20s;window_2:combined_executable_fraction_below_80pct;window_3:fresh_fraction_below_95pct;window_3:observed_quote_age_above_45s;window_3:provider_update_gap_above_45s;window_3:consecutive_sampled_staleness_above_20s;window_3:combined_executable_fraction_below_80pct;closed_bar_history_or_participation_failed
BCH/USD,directional crypto,False,False,False,73.333,60.000,80.000,0.000,0.000,0.000,92.670,96.594,553,1,window_1:fresh_fraction_below_95pct;window_1:observed_quote_age_above_45s;window_1:provider_update_gap_above_45s;window_1:consecutive_sampled_staleness_above_20s;window_1:combined_executable_fraction_below_80pct;window_2:fresh_fraction_below_95pct;window_2:observed_quote_age_above_45s;window_2:provider_update_gap_above_45s;window_2:consecutive_sampled_staleness_above_20s;window_2:combined_executable_fraction_below_80pct;window_3:fresh_fraction_below_95pct;window_3:observed_quote_age_above_45s;window_3:provider_update_gap_above_45s;window_3:consecutive_sampled_staleness_above_20s;window_3:combined_executable_fraction_below_80pct
BONK/USD,directional crypto,False,False,False,100.000,83.333,100.000,0.000,0.000,0.000,45.147,53.611,571,0,window_1:combined_executable_fraction_below_80pct;window_2:fresh_fraction_below_95pct;window_2:observed_quote_age_above_45s;window_2:provider_update_gap_above_45s;window_2:consecutive_sampled_staleness_above_20s;window_2:combined_executable_fraction_below_80pct;window_3:combined_executable_fraction_below_80pct;closed_bar_history_or_participation_failed
BTC/USD,directional crypto,True,True,True,100.000,100.000,100.000,100.000,100.000,100.000,6.508,16.310,572,2,
CRV/USD,directional crypto,False,False,False,83.333,83.333,93.333,43.333,63.333,66.667,69.761,76.824,570,0,window_1:fresh_fraction_below_95pct;window_1:observed_quote_age_above_45s;window_1:provider_update_gap_above_45s;window_1:consecutive_sampled_staleness_above_20s;window_1:combined_executable_fraction_below_80pct;window_2:fresh_fraction_below_95pct;window_2:observed_quote_age_above_45s;window_2:provider_update_gap_above_45s;window_2:consecutive_sampled_staleness_above_20s;window_2:combined_executable_fraction_below_80pct;window_3:fresh_fraction_below_95pct;window_3:observed_quote_age_above_45s;window_3:provider_update_gap_above_45s;window_3:combined_executable_fraction_below_80pct;closed_bar_history_or_participation_failed
DOGE/USD,directional crypto,False,False,False,70.000,80.000,90.000,0.000,0.000,0.000,80.679,71.189,523,0,window_1:fresh_fraction_below_95pct;window_1:observed_quote_age_above_45s;window_1:provider_update_gap_above_45s;window_1:consecutive_sampled_staleness_above_20s;window_1:combined_executable_fraction_below_80pct;window_2:fresh_fraction_below_95pct;window_2:observed_quote_age_above_45s;window_2:provider_update_gap_above_45s;window_2:consecutive_sampled_staleness_above_20s;window_2:combined_executable_fraction_below_80pct;window_3:fresh_fraction_below_95pct;window_3:observed_quote_age_above_45s;window_3:provider_update_gap_above_45s;window_3:consecutive_sampled_staleness_above_20s;window_3:combined_executable_fraction_below_80pct;closed_bar_history_or_participation_failed
DOT/USD,directional crypto,False,False,False,96.667,90.000,100.000,50.000,60.000,40.000,50.940,54.742,572,0,window_1:combined_executable_fraction_below_80pct;window_2:fresh_fraction_below_95pct;window_2:observed_quote_age_above_45s;window_2:provider_update_gap_above_45s;window_2:consecutive_sampled_staleness_above_20s;window_2:combined_executable_fraction_below_80pct;window_3:combined_executable_fraction_below_80pct;closed_bar_history_or_participation_failed
ETH/USD,directional crypto,True,False,False,96.667,70.000,93.333,96.667,70.000,93.333,83.155,89.313,469,1,window_2:fresh_fraction_below_95pct;window_2:observed_quote_age_above_45s;window_2:provider_update_gap_above_45s;window_2:consecutive_sampled_staleness_above_20s;window_2:combined_executable_fraction_below_80pct;window_3:fresh_fraction_below_95pct;window_3:provider_update_gap_above_45s
FIL/USD,directional crypto,False,False,False,100.000,96.667,93.333,0.000,0.000,0.000,44.355,49.200,564,0,window_1:combined_executable_fraction_below_80pct;window_2:combined_executable_fraction_below_80pct;window_3:fresh_fraction_below_95pct;window_3:provider_update_gap_above_45s;window_3:consecutive_sampled_staleness_above_20s;window_3:combined_executable_fraction_below_80pct;closed_bar_history_or_participation_failed
GRT/USD,directional crypto,False,False,False,66.667,86.667,83.333,0.000,0.000,0.000,126.355,127.105,553,0,window_1:fresh_fraction_below_95pct;window_1:observed_quote_age_above_45s;window_1:provider_update_gap_above_45s;window_1:consecutive_sampled_staleness_above_20s;window_1:combined_executable_fraction_below_80pct;window_2:fresh_fraction_below_95pct;window_2:combined_executable_fraction_below_80pct;window_3:fresh_fraction_below_95pct;window_3:observed_quote_age_above_45s;window_3:provider_update_gap_above_45s;window_3:consecutive_sampled_staleness_above_20s;window_3:combined_executable_fraction_below_80pct;closed_bar_history_or_participation_failed
HYPE/USD,directional crypto,False,False,False,90.000,100.000,93.333,0.000,0.000,0.000,58.523,67.998,547,0,window_1:fresh_fraction_below_95pct;window_1:observed_quote_age_above_45s;window_1:provider_update_gap_above_45s;window_1:combined_executable_fraction_below_80pct;window_2:combined_executable_fraction_below_80pct;window_3:fresh_fraction_below_95pct;window_3:combined_executable_fraction_below_80pct;closed_bar_history_or_participation_failed
LDO/USD,directional crypto,False,False,False,70.000,96.667,93.333,0.000,0.000,0.000,50.529,56.453,561,1,window_1:fresh_fraction_below_95pct;window_1:observed_quote_age_above_45s;window_1:provider_update_gap_above_45s;window_1:consecutive_sampled_staleness_above_20s;window_1:combined_executable_fraction_below_80pct;window_2:combined_executable_fraction_below_80pct;window_3:fresh_fraction_below_95pct;window_3:combined_executable_fraction_below_80pct
LINK/USD,directional crypto,False,False,False,56.667,86.667,76.667,0.000,30.000,40.000,113.489,122.473,562,0,window_1:fresh_fraction_below_95pct;window_1:observed_quote_age_above_45s;window_1:provider_update_gap_above_45s;window_1:consecutive_sampled_staleness_above_20s;window_1:combined_executable_fraction_below_80pct;window_2:fresh_fraction_below_95pct;window_2:observed_quote_age_above_45s;window_2:provider_update_gap_above_45s;window_2:consecutive_sampled_staleness_above_20s;window_2:combined_executable_fraction_below_80pct;window_3:fresh_fraction_below_95pct;window_3:observed_quote_age_above_45s;window_3:provider_update_gap_above_45s;window_3:consecutive_sampled_staleness_above_20s;window_3:combined_executable_fraction_below_80pct;closed_bar_history_or_participation_failed
LTC/USD,directional crypto,False,False,False,50.000,60.000,66.667,0.000,0.000,0.000,118.738,106.595,566,0,window_1:fresh_fraction_below_95pct;window_1:observed_quote_age_above_45s;window_1:provider_update_gap_above_45s;window_1:consecutive_sampled_staleness_above_20s;window_1:combined_executable_fraction_below_80pct;window_2:fresh_fraction_below_95pct;window_2:observed_quote_age_above_45s;window_2:provider_update_gap_above_45s;window_2:consecutive_sampled_staleness_above_20s;window_2:combined_executable_fraction_below_80pct;window_3:fresh_fraction_below_95pct;window_3:observed_quote_age_above_45s;window_3:provider_update_gap_above_45s;window_3:consecutive_sampled_staleness_above_20s;window_3:combined_executable_fraction_below_80pct;closed_bar_history_or_participation_failed
ONDO/USD,directional crypto,False,False,False,90.000,96.667,96.667,0.000,0.000,0.000,43.160,44.749,569,0,window_1:fresh_fraction_below_95pct;window_1:combined_executable_fraction_below_80pct;window_2:combined_executable_fraction_below_80pct;window_3:combined_executable_fraction_below_80pct;closed_bar_history_or_participation_failed
PAXG/USD,gold-backed token,False,False,False,53.333,53.333,46.667,0.000,0.000,0.000,158.221,167.393,321,0,window_1:fresh_fraction_below_95pct;window_1:observed_quote_age_above_45s;window_1:provider_update_gap_above_45s;window_1:consecutive_sampled_staleness_above_20s;window_1:combined_executable_fraction_below_80pct;window_2:fresh_fraction_below_95pct;window_2:observed_quote_age_above_45s;window_2:provider_update_gap_above_45s;window_2:consecutive_sampled_staleness_above_20s;window_2:combined_executable_fraction_below_80pct;window_3:fresh_fraction_below_95pct;window_3:observed_quote_age_above_45s;window_3:provider_update_gap_above_45s;window_3:consecutive_sampled_staleness_above_20s;window_3:combined_executable_fraction_below_80pct;closed_bar_history_or_participation_failed
PEPE/USD,directional crypto,False,False,False,96.667,86.667,93.333,0.000,0.000,0.000,41.523,48.055,542,0,window_1:combined_executable_fraction_below_80pct;window_2:fresh_fraction_below_95pct;window_2:provider_update_gap_above_45s;window_2:consecutive_sampled_staleness_above_20s;window_2:combined_executable_fraction_below_80pct;window_3:fresh_fraction_below_95pct;window_3:combined_executable_fraction_below_80pct;closed_bar_history_or_participation_failed
POL/USD,directional crypto,False,False,False,80.000,50.000,63.333,0.000,0.000,0.000,166.038,171.880,556,0,window_1:fresh_fraction_below_95pct;window_1:observed_quote_age_above_45s;window_1:provider_update_gap_above_45s;window_1:consecutive_sampled_staleness_above_20s;window_1:combined_executable_fraction_below_80pct;window_2:fresh_fraction_below_95pct;window_2:observed_quote_age_above_45s;window_2:provider_update_gap_above_45s;window_2:consecutive_sampled_staleness_above_20s;window_2:combined_executable_fraction_below_80pct;window_3:fresh_fraction_below_95pct;window_3:observed_quote_age_above_45s;window_3:provider_update_gap_above_45s;window_3:consecutive_sampled_staleness_above_20s;window_3:combined_executable_fraction_below_80pct;closed_bar_history_or_participation_failed
RENDER/USD,directional crypto,False,False,False,76.667,86.667,90.000,0.000,0.000,0.000,90.532,98.584,559,0,window_1:fresh_fraction_below_95pct;window_1:observed_quote_age_above_45s;window_1:provider_update_gap_above_45s;window_1:consecutive_sampled_staleness_above_20s;window_1:combined_executable_fraction_below_80pct;window_2:fresh_fraction_below_95pct;window_2:observed_quote_age_above_45s;window_2:provider_update_gap_above_45s;window_2:consecutive_sampled_staleness_above_20s;window_2:combined_executable_fraction_below_80pct;window_3:fresh_fraction_below_95pct;window_3:combined_executable_fraction_below_80pct;closed_bar_history_or_participation_failed
SHIB/USD,directional crypto,False,True,False,100.000,100.000,100.000,0.000,0.000,0.000,20.987,30.932,554,0,window_1:combined_executable_fraction_below_80pct;window_2:combined_executable_fraction_below_80pct;window_3:combined_executable_fraction_below_80pct;closed_bar_history_or_participation_failed
SKY/USD,directional crypto,False,True,False,100.000,100.000,100.000,50.000,60.000,40.000,24.538,33.881,575,0,window_1:combined_executable_fraction_below_80pct;window_2:combined_executable_fraction_below_80pct;window_3:combined_executable_fraction_below_80pct;closed_bar_history_or_participation_failed
SOL/USD,directional crypto,False,False,False,66.667,70.000,86.667,66.667,70.000,86.667,91.159,92.530,534,1,window_1:fresh_fraction_below_95pct;window_1:observed_quote_age_above_45s;window_1:provider_update_gap_above_45s;window_1:consecutive_sampled_staleness_above_20s;window_1:combined_executable_fraction_below_80pct;window_2:fresh_fraction_below_95pct;window_2:observed_quote_age_above_45s;window_2:provider_update_gap_above_45s;window_2:consecutive_sampled_staleness_above_20s;window_2:combined_executable_fraction_below_80pct;window_3:fresh_fraction_below_95pct;window_3:observed_quote_age_above_45s;window_3:provider_update_gap_above_45s;window_3:consecutive_sampled_staleness_above_20s
SUSHI/USD,directional crypto,False,False,False,63.333,73.333,73.333,40.000,53.333,26.667,86.426,93.180,557,0,window_1:fresh_fraction_below_95pct;window_1:observed_quote_age_above_45s;window_1:provider_update_gap_above_45s;window_1:consecutive_sampled_staleness_above_20s;window_1:combined_executable_fraction_below_80pct;window_2:fresh_fraction_below_95pct;window_2:observed_quote_age_above_45s;window_2:provider_update_gap_above_45s;window_2:consecutive_sampled_staleness_above_20s;window_2:combined_executable_fraction_below_80pct;window_3:fresh_fraction_below_95pct;window_3:observed_quote_age_above_45s;window_3:provider_update_gap_above_45s;window_3:consecutive_sampled_staleness_above_20s;window_3:combined_executable_fraction_below_80pct;closed_bar_history_or_participation_failed
TRUMP/USD,directional crypto,False,False,False,66.667,76.667,73.333,0.000,0.000,0.000,117.346,93.054,551,0,window_1:fresh_fraction_below_95pct;window_1:observed_quote_age_above_45s;window_1:consecutive_sampled_staleness_above_20s;window_1:combined_executable_fraction_below_80pct;window_2:fresh_fraction_below_95pct;window_2:observed_quote_age_above_45s;window_2:provider_update_gap_above_45s;window_2:consecutive_sampled_staleness_above_20s;window_2:combined_executable_fraction_below_80pct;window_3:fresh_fraction_below_95pct;window_3:observed_quote_age_above_45s;window_3:provider_update_gap_above_45s;window_3:consecutive_sampled_staleness_above_20s;window_3:combined_executable_fraction_below_80pct;closed_bar_history_or_participation_failed
UNI/USD,directional crypto,False,False,False,90.000,96.667,93.333,36.667,43.333,33.333,45.937,52.217,568,0,window_1:fresh_fraction_below_95pct;window_1:observed_quote_age_above_45s;window_1:provider_update_gap_above_45s;window_1:combined_executable_fraction_below_80pct;window_2:combined_executable_fraction_below_80pct;window_3:fresh_fraction_below_95pct;window_3:provider_update_gap_above_45s;window_3:consecutive_sampled_staleness_above_20s;window_3:combined_executable_fraction_below_80pct;closed_bar_history_or_participation_failed
USDC/USD,USD stablecoin,False,False,False,0.000,0.000,0.000,0.000,0.000,0.000,1364.497,0.000,32,8,window_1:fresh_fraction_below_95pct;window_1:observed_quote_age_above_45s;window_1:consecutive_sampled_staleness_above_20s;window_1:combined_executable_fraction_below_80pct;window_2:fresh_fraction_below_95pct;window_2:observed_quote_age_above_45s;window_2:consecutive_sampled_staleness_above_20s;window_2:combined_executable_fraction_below_80pct;window_3:fresh_fraction_below_95pct;window_3:observed_quote_age_above_45s;window_3:consecutive_sampled_staleness_above_20s;window_3:combined_executable_fraction_below_80pct;USD_stablecoin_excluded_from_directional_alpha;closed_bar_history_or_participation_failed
USDG/USD,USD stablecoin,False,False,False,0.000,0.000,0.000,0.000,0.000,0.000,391057.648,0.000,0,0,window_1:fresh_fraction_below_95pct;window_1:observed_quote_age_above_45s;window_1:consecutive_sampled_staleness_above_20s;window_1:combined_executable_fraction_below_80pct;window_2:fresh_fraction_below_95pct;window_2:observed_quote_age_above_45s;window_2:consecutive_sampled_staleness_above_20s;window_2:combined_executable_fraction_below_80pct;window_3:fresh_fraction_below_95pct;window_3:observed_quote_age_above_45s;window_3:consecutive_sampled_staleness_above_20s;window_3:combined_executable_fraction_below_80pct;USD_stablecoin_excluded_from_directional_alpha;closed_bar_history_or_participation_failed
USDT/USD,USD stablecoin,False,False,False,0.000,0.000,0.000,0.000,0.000,0.000,1468.992,0.000,13,5,window_1:fresh_fraction_below_95pct;window_1:observed_quote_age_above_45s;window_1:consecutive_sampled_staleness_above_20s;window_1:combined_executable_fraction_below_80pct;window_2:fresh_fraction_below_95pct;window_2:observed_quote_age_above_45s;window_2:consecutive_sampled_staleness_above_20s;window_2:combined_executable_fraction_below_80pct;window_3:fresh_fraction_below_95pct;window_3:observed_quote_age_above_45s;window_3:consecutive_sampled_staleness_above_20s;window_3:combined_executable_fraction_below_80pct;USD_stablecoin_excluded_from_directional_alpha;closed_bar_history_or_participation_failed
WIF/USD,directional crypto,False,True,False,100.000,96.667,100.000,0.000,0.000,0.000,35.228,37.000,570,0,window_1:combined_executable_fraction_below_80pct;window_2:combined_executable_fraction_below_80pct;window_3:combined_executable_fraction_below_80pct;closed_bar_history_or_participation_failed
XRP/USD,directional crypto,False,False,False,83.333,83.333,96.667,0.000,0.000,0.000,61.531,70.214,542,0,window_1:fresh_fraction_below_95pct;window_1:observed_quote_age_above_45s;window_1:provider_update_gap_above_45s;window_1:consecutive_sampled_staleness_above_20s;window_1:combined_executable_fraction_below_80pct;window_2:fresh_fraction_below_95pct;window_2:observed_quote_age_above_45s;window_2:provider_update_gap_above_45s;window_2:consecutive_sampled_staleness_above_20s;window_2:combined_executable_fraction_below_80pct;window_3:combined_executable_fraction_below_80pct;closed_bar_history_or_participation_failed
XTZ/USD,directional crypto,False,False,False,40.000,46.667,60.000,0.000,0.000,0.000,328.650,332.927,555,0,window_1:fresh_fraction_below_95pct;window_1:observed_quote_age_above_45s;window_1:provider_update_gap_above_45s;window_1:consecutive_sampled_staleness_above_20s;window_1:combined_executable_fraction_below_80pct;window_2:fresh_fraction_below_95pct;window_2:observed_quote_age_above_45s;window_2:provider_update_gap_above_45s;window_2:consecutive_sampled_staleness_above_20s;window_2:combined_executable_fraction_below_80pct;window_3:fresh_fraction_below_95pct;window_3:observed_quote_age_above_45s;window_3:provider_update_gap_above_45s;window_3:consecutive_sampled_staleness_above_20s;window_3:combined_executable_fraction_below_80pct;closed_bar_history_or_participation_failed
YFI/USD,directional crypto,False,False,False,30.000,83.333,43.333,10.000,30.000,16.667,136.937,143.399,558,0,window_1:fresh_fraction_below_95pct;window_1:observed_quote_age_above_45s;window_1:provider_update_gap_above_45s;window_1:consecutive_sampled_staleness_above_20s;window_1:combined_executable_fraction_below_80pct;window_2:fresh_fraction_below_95pct;window_2:observed_quote_age_above_45s;window_2:provider_update_gap_above_45s;window_2:consecutive_sampled_staleness_above_20s;window_2:combined_executable_fraction_below_80pct;window_3:fresh_fraction_below_95pct;window_3:observed_quote_age_above_45s;window_3:provider_update_gap_above_45s;window_3:consecutive_sampled_staleness_above_20s;window_3:combined_executable_fraction_below_80pct;closed_bar_history_or_participation_failed
